display_name,course_id,last_modified,short_description
Mathematical Optimization for Business Problems,course-v1:IBMDeveloperSkillsNetwork+CP0101EN+v1,19/02/2021 07:00:15,This course provides the necessary fundamentals of mathematical programming
Accelerating Deep Learning with GPU,course-v1:CognitiveClass+ML0122ENv1+18W2018,19/02/2021 07:00:17,"Majority of data in the world are unlabeled and unstructured data, for instance images, sound, and text data. Shallow neural networks cannot easily capture relevant structure in these kind of data, but deep networks are capable of discovering hidden structures within these data. In this course, you will use TensorFlow library to apply deep learning on different data types to solve real world problems."
Controlling Hadoop Jobs Using Oozie,course-v1:BigDataUniversity+BD0133EN+2017,20/02/2021 21:15:03,"This short description is not used. The description is taken from Word Press front-end.
Same with the course image below.  We provide one below, but it is not used."
"Robots Are Coming! Build IoT Apps with Watson, Swift, and Node-RED",course-v1:IBMDeveloperSkillsNetwork+ML0201EN+v1,19/02/2021 07:00:17,"Have fun with IoT and learn along the way. If you're a Swift developer and want to learn more about IoT and Watson AI services in the cloud, Raspberry Pi,  and Node-RED, you've found the right place. You'll build IoT apps to read temperature data, take pictures with a RaspCam, use AI to recognize the objects in those pictures, and program an iRobot Create 2 robot. "
Deep Learning with TensorFlow - Beta,course-v1:CognitiveClass+ML0121EN+v1,22/02/2021 14:13:38,"Majority of data in the world are unlabeled and unstructured data, for instance images, sound, and text data. Shallow neural networks cannot easily capture relevant structure in these kind of data, but deep networks are capable of discovering hidden structures within these data. In this course, you will use TensorFlow library to apply deep learning on different data types to solve real world problems."
Erease me -Accelerating Deep Learning with GPU,course-v1:CognitiveClass+ML0122EN+03W2018,22/02/2021 22:52:42,"Majority of data in the world are unlabeled and unstructured data, for instance images, sound, and text data. Shallow neural networks cannot easily capture relevant structure in these kind of data, but deep networks are capable of discovering hidden structures within these data. In this course, you will use TensorFlow library to apply deep learning on different data types to solve real world problems."
Deep Learning with TensorFlow,course-v1:BigDataUniversity+ML0120EN+2016,19/02/2021 07:00:16,"Majority of data in the world are unlabeled and unstructured data, for instance images, sound, and text data. Shallow neural networks cannot easily capture relevant structure in these kind of data, but deep networks are capable of discovering hidden structures within these data. In this course, you will use TensorFlow library to apply deep learning on different data types to solve real world problems."
Simplifying data pipelines with Apache Kafka,course-v1:BigDataUniversity+BD0123EN+2016,19/02/2021 06:41:47,"When you hear the terms, producer, consumer, topic category, broker, and cluster used together to describe a messaging system, something is brewing in the pipelines. Get connected and learn what that is, and what it means!"
Accelerating Deep Learning with GPU,course-v1:CognitiveClass+ML0122EN+v1,19/02/2021 07:00:18,"Majority of data in the world are unlabeled and unstructured data, for instance images, sound, and text data. Shallow neural networks cannot easily capture relevant structure in these kind of data, but deep networks are capable of discovering hidden structures within these data. In this course, you will use TensorFlow library to apply deep learning on different data types to solve real world problems."
Introduction to Data Science,course-v1:BigDataUniversity+DS0101EN+2016,25/03/2021 18:12:44,"The art of uncovering the insights and trends in data has been around since ancient times. The ancient Egyptians used census data to increase efficiency in tax collection and they accurately predicted the flooding of the Nile river every year. Since then, people working in data science have carved out a unique and distinct field for the work they do, this field is data science. In this course, we will meet some data science practitioners and we will get an overview of what data science is today."
Accelerating Deep Learning with GPU,course-v1:CognitiveClass+ML0122ENv1+15W2018,19/02/2021 07:00:18,"Majority of data in the world are unlabeled and unstructured data, for instance images, sound, and text data. Shallow neural networks cannot easily capture relevant structure in these kind of data, but deep networks are capable of discovering hidden structures within these data. In this course, you will use TensorFlow library to apply deep learning on different data types to solve real world problems."
Cloud Native Security Conference - Data Security,course-v1:IBMDeveloperSkillsNetwork+CNSC02EN+2020_T2,19/02/2021 10:28:17,
Data Science Bootcamp with R for University Proffesors,course-v1:CognitiveClass+DX0106EN+v1,24/02/2021 05:55:52,"A Multi-Day Intensive, In-Person Data Science Bootcamp offered by Big Data University"
Using R with Databases,course-v1:IBMDeveloperSkillsNetwork+RP0103EN+v3,19/02/2021 06:44:09,"The intent of this course is to teach you how to unlock the power and magic of R to analyze data in relational databases. It will show you how to connect to relational databases, access and query the database, update and modify the data, analyze it and perform simple visualizations."
Cloud Native Security Conference - App Security,course-v1:IBMDeveloperSkillsNetwork+CNSC01EN+2020_T2,19/02/2021 11:47:00,"This short description is not used. The description is taken from Word Press front-end.
Same with the course image below.  We provide one below, but it is not used."
Data Visualization with Python,course-v1:CognitiveClass+DV0101EN+v1,19/02/2021 06:44:57,"Data visualization is the graphical representation of data in order to interactively and efficiently convey insights to clients, customers, and stakeholders in general. It is a way to summarize your findings and display it in a form that facilitates interpretation and can help in identifying patterns or trends. In this Data Visualization with Python course, you'll learn how to create interesting graphics and charts and customize them to make them more effective and more pleasing to your audience."
Building Cloud Native and Multicloud Applications ,course-v1:IBMDeveloperSkillsNetwork+CC0150EN+v1,19/02/2021 06:42:04,"In this course, we will cover the core concepts and practices of building and running Cloud Native applications and how to run these applications in a multicloud environment. We will cover technologies and practices including; microservices, DevOps, CI/CD, Docker, Kubernetes, and OpenShift."
Cloud Native Security Conference - DevSecOps,course-v1:IBMDeveloperSkillsNetwork+CNSC03EN+2020_T2,19/02/2021 06:47:16,
IBM Blockchain Foundation Developer,course-v1:IBMDeveloperSkillsNetwork+BC0201EN+v2,19/02/2021 06:47:22,This course will teach you how to build Hyperledger Fabric applications and smart contracts using the IBM Blockchain Platform Visual Studio Code Extension.
Introduction to Open Source Software ,course-v1:IBM+OS0101EN+2021T2,31/03/2021 20:04:52,
"Introduction to Containers, Kubernetes, and OpenShift",course-v1:IBMDeveloperSkillsNetwork+CC0201EN+2020_T2,8/3/2021 20:11,"This course introduces the core concepts of Containers and Kubernetes and explains how containers differ from virtual machines. It also covers the importance of containers in cloud computing as well as the emerging ecosystem of related technologies such as Docker, Kubernetes, OpenShift, Istio and Knative."
IBM Cloud Essentials,course-v1:IBMDeveloperSkillsNetwork+CC0103EN+2020_T1,19/02/2021 06:42:05,"This short description is not used. The description is taken from Word Press front-end.
Same with the course image below.  We provide one below, but it is not used."
Accelerating Deep Learning with GPU,course-v1:CognitiveClass+ML0122ENv1+19W2018,19/02/2021 07:00:17,"Majority of data in the world are unlabeled and unstructured data, for instance images, sound, and text data. Shallow neural networks cannot easily capture relevant structure in these kind of data, but deep networks are capable of discovering hidden structures within these data. In this course, you will use TensorFlow library to apply deep learning on different data types to solve real world problems."
Accelerating Deep Learning with GPU,course-v1:CognitiveClass+ML0122ENv1+11W2018,20/02/2021 21:14:51,"Majority of data in the world are unlabeled and unstructured data, for instance images, sound, and text data. Shallow neural networks cannot easily capture relevant structure in these kind of data, but deep networks are capable of discovering hidden structures within these data. In this course, you will use TensorFlow library to apply deep learning on different data types to solve real world problems."
Accelerating Deep Learning with GPU,course-v1:CognitiveClass+ML0122ENv1+17W2018,19/02/2021 07:00:16,"Majority of data in the world are unlabeled and unstructured data, for instance images, sound, and text data. Shallow neural networks cannot easily capture relevant structure in these kind of data, but deep networks are capable of discovering hidden structures within these data. In this course, you will use TensorFlow library to apply deep learning on different data types to solve real world problems."
Accelerating Deep Learning with GPU,course-v1:CognitiveClass+ML0122ENv1+2018w25,19/02/2021 07:00:17,"Majority of data in the world are unlabeled and unstructured data, for instance images, sound, and text data. Shallow neural networks cannot easily capture relevant structure in these kind of data, but deep networks are capable of discovering hidden structures within these data. In this course, you will use TensorFlow library to apply deep learning on different data types to solve real world problems."
Accelerating Deep Learning with GPU,course-v1:CognitiveClass+ML0122ENv1+2018w49,19/02/2021 07:00:16,"Majority of data in the world are unlabeled and unstructured data, for instance images, sound, and text data. Shallow neural networks cannot easily capture relevant structure in these kind of data, but deep networks are capable of discovering hidden structures within these data. In this course, you will use TensorFlow library to apply deep learning on different data types to solve real world problems."
Accelerating Deep Learning with GPU,course-v1:CognitiveClass+ML0122ENv1+2018w39,19/02/2021 07:00:15,"Majority of data in the world are unlabeled and unstructured data, for instance images, sound, and text data. Shallow neural networks cannot easily capture relevant structure in these kind of data, but deep networks are capable of discovering hidden structures within these data. In this course, you will use TensorFlow library to apply deep learning on different data types to solve real world problems."
Accelerating Deep Learning with GPU,course-v1:CognitiveClass+ML0122ENv1+10W2018,23/02/2021 04:34:04,"Majority of data in the world are unlabeled and unstructured data, for instance images, sound, and text data. Shallow neural networks cannot easily capture relevant structure in these kind of data, but deep networks are capable of discovering hidden structures within these data. In this course, you will use TensorFlow library to apply deep learning on different data types to solve real world problems."
Data Science Bootcamp with Python for University Professors (Advance),course-v1:CognitiveClass+DX0108EN+v1,24/02/2021 05:55:17,"This short description is not used. The description is taken from Word Press front-end.
Same with the course image below.  We provide one below, but it is not used."
Accelerating Deep Learning with GPU,course-v1:CognitiveClass+ML0122ENv1+21W2018,19/02/2021 07:00:16,"Majority of data in the world are unlabeled and unstructured data, for instance images, sound, and text data. Shallow neural networks cannot easily capture relevant structure in these kind of data, but deep networks are capable of discovering hidden structures within these data. In this course, you will use TensorFlow library to apply deep learning on different data types to solve real world problems."
Accelerating Deep Learning with GPU,course-v1:IBMDeveloperSkillsNetwork+ML0122ENv1+2019,19/02/2021 06:44:56,"Majority of data in the world are unlabeled and unstructured data, for instance images, sound, and text data. Shallow neural networks cannot easily capture relevant structure in these kind of data, but deep networks are capable of discovering hidden structures within these data. In this course, you will use TensorFlow library to apply deep learning on different data types to solve real world problems."
Accelerating Deep Learning with GPU,course-v1:CognitiveClass+ML0122ENv1+14W2018,19/02/2021 07:00:15,"Majority of data in the world are unlabeled and unstructured data, for instance images, sound, and text data. Shallow neural networks cannot easily capture relevant structure in these kind of data, but deep networks are capable of discovering hidden structures within these data. In this course, you will use TensorFlow library to apply deep learning on different data types to solve real world problems."
Data Privacy Fundamentals,course-v1:BigDataUniversity+DS0301EN+2016,19/02/2021 06:42:37,"This free Big Data course presents a holistic approach to Big Data, and answers fundamental questions about what Big Data is and why it matters."
Accelerating Deep Learning with GPU,course-v1:CognitiveClass+ML0122ENv1+2018w41,19/02/2021 07:00:18,"Majority of data in the world are unlabeled and unstructured data, for instance images, sound, and text data. Shallow neural networks cannot easily capture relevant structure in these kind of data, but deep networks are capable of discovering hidden structures within these data. In this course, you will use TensorFlow library to apply deep learning on different data types to solve real world problems."
Accelerating Deep Learning with GPU,course-v1:CognitiveClass+ML0122ENv1+2018w29,19/02/2021 07:00:18,"Majority of data in the world are unlabeled and unstructured data, for instance images, sound, and text data. Shallow neural networks cannot easily capture relevant structure in these kind of data, but deep networks are capable of discovering hidden structures within these data. In this course, you will use TensorFlow library to apply deep learning on different data types to solve real world problems."
Data & AI Essentials,course-v1:IBM+DAI101EN+2020T3,21/02/2021 11:16:17,"In this short course, you will demonstrate the hands-on experience with the end-to-end Data Science & Artificial Intelligence workflow using IBM Cloud Pak for Data that you received. This includes using the Cloud Pak for Data platform to collect data, organize data, analyze data, and Infuse AI into applications."
Accelerating Deep Learning with GPU,course-v1:CognitiveClass+ML0122ENv1+23W2018,19/02/2021 07:00:17,"Majority of data in the world are unlabeled and unstructured data, for instance images, sound, and text data. Shallow neural networks cannot easily capture relevant structure in these kind of data, but deep networks are capable of discovering hidden structures within these data. In this course, you will use TensorFlow library to apply deep learning on different data types to solve real world problems."
Accelerating Deep Learning with GPU,course-v1:CognitiveClass+ML0122ENv1+2018w27,19/02/2021 07:00:16,"Majority of data in the world are unlabeled and unstructured data, for instance images, sound, and text data. Shallow neural networks cannot easily capture relevant structure in these kind of data, but deep networks are capable of discovering hidden structures within these data. In this course, you will use TensorFlow library to apply deep learning on different data types to solve real world problems."
Serverless Computing using Cloud Functions - Developer I,course-v1:IBMDeveloperSkillsNetwork+CC0210EN+2020_T2,19/02/2021 06:44:54,"This course is designed to teach you serverless computing essentials which include how to develop serverless applications composed of loosely-coupled, microservice-like functions. You will get the opportunity to learn more about serverless programming and deployment models as well as its top use cases and design patterns. Additionally, you will be guided through several labs that demonstrate how to implement essential concepts including how to create, deploy, and invoke cloud-based functions, connect them to event sources for automation and expose them as web-accessible endpoints and APIs."
SQL Access for Hadoop,course-v1:BigDataUniversity+BD0145EN+2016,19/02/2021 06:44:55,"Big SQL is another tool to work with your Hadoop data. Big SQL provides a common and familiar syntax for those that are already using SQL with their relational data to work with their big data. There is no learning curve here. Big SQL is about applying SQL to your existing data – there are no proprietary storage formats.

This course will help you understand the Big SQL architecture and show the different methods for working with Big SQL. The course will list and explain the Big SQL data types and show how to create Big SQL schemas and table. The course will also cover the different file formats supported by Big SQL such as parquet and ORC.
In the lab exercises, you will get a chance to learn how to connect to the Big SQL server and load in some sample data. Then you will see how easy it is to use Big SQL to work with the data."
Hybrid Cloud Conference – Pipelines Lab,course-v1:IBMDeveloperSkillsNetwork+HCC105EN+2020T3,19/02/2021 06:44:54,
Accelerating Deep Learning with GPU,course-v1:CognitiveClass+ML0122ENv1+2018w47,19/02/2021 07:00:18,"Majority of data in the world are unlabeled and unstructured data, for instance images, sound, and text data. Shallow neural networks cannot easily capture relevant structure in these kind of data, but deep networks are capable of discovering hidden structures within these data. In this course, you will use TensorFlow library to apply deep learning on different data types to solve real world problems."
Accelerating Deep Learning with GPU,course-v1:CognitiveClass+ML0122ENv1+2018w45,19/02/2021 07:00:15,"Majority of data in the world are unlabeled and unstructured data, for instance images, sound, and text data. Shallow neural networks cannot easily capture relevant structure in these kind of data, but deep networks are capable of discovering hidden structures within these data. In this course, you will use TensorFlow library to apply deep learning on different data types to solve real world problems."
Accelerating Deep Learning with GPU,course-v1:CognitiveClass+ML0122ENv1+w43,19/02/2021 07:00:16,"Majority of data in the world are unlabeled and unstructured data, for instance images, sound, and text data. Shallow neural networks cannot easily capture relevant structure in these kind of data, but deep networks are capable of discovering hidden structures within these data. In this course, you will use TensorFlow library to apply deep learning on different data types to solve real world problems."
Accelerating Deep Learning with GPU,course-v1:CognitiveClass+ML0122ENv1+2018w31,19/02/2021 07:00:16,"Majority of data in the world are unlabeled and unstructured data, for instance images, sound, and text data. Shallow neural networks cannot easily capture relevant structure in these kind of data, but deep networks are capable of discovering hidden structures within these data. In this course, you will use TensorFlow library to apply deep learning on different data types to solve real world problems."
Accelerating Deep Learning with GPU,course-v1:CognitiveClass+ML0122ENv1+2018w33,19/02/2021 07:00:17,"Majority of data in the world are unlabeled and unstructured data, for instance images, sound, and text data. Shallow neural networks cannot easily capture relevant structure in these kind of data, but deep networks are capable of discovering hidden structures within these data. In this course, you will use TensorFlow library to apply deep learning on different data types to solve real world problems."
Machine Learning with R,course-v1:BigDataUniversity+ML0151EN+2017,19/02/2021 06:42:26,"This Machine Learning with R course dives into the basics of machine learning using an approachable, and well-known, programming language. You'll learn about Supervised vs Unsupervised Learning, look into how Statistical Modeling relates to Machine Learning, and do a comparison of each."
DataOps Methodology,course-v1:IBMDeveloperSkillsNetwork+DE0205EN+2020_T1,19/02/2021 06:44:55,
Deep Learning with TensorFlow,course-v1:CognitiveClass+ML0120ENv2+2018,19/02/2021 06:44:56,"Majority of data in the world are unlabeled and unstructured data, for instance images, sound, and text data. Shallow neural networks cannot easily capture relevant structure in these kind of data, but deep networks are capable of discovering hidden structures within these data. In this course, you will use TensorFlow library to apply deep learning on different data types to solve real world problems."
End-to-end Data Science on CloudPak for Data,course-v1:IBMDeveloperSkillsNetwork+DS0201EN+2020T4,19/02/2021 06:45:47,"This short description is not used. The description is taken from Word Press front-end.
Same with the course image below.  We provide one below, but it is not used."
Predictive Modelling Fundamentals I,course-v1:BigDataUniversity+PA0101EN+2017,25/02/2021 12:18:16,"Predictive modeling uses statistics from big data to anticipate outcomes, trends, or future behaviors. Predictive analytics describes the data mining required to make these forecasts. Predictive analytics combines predictive modeling, statistical analysis, text analytics, entity analytics, machine learning, and more, to extract knowledge from vast amounts of data. "
AI for Everyone: Master the Basics,course-v1:sn+BENTEST4+2021_T4,2/3/2021 12:49,"Learn what Artificial Intelligence (AI) is by understanding its applications and key concepts including machine learning, deep learning and neural networks."
Predictive Modeling Fundamentals I,course-v1:BigDataUniversity+PA0101EN+2016,19/02/2021 06:42:37,"The Predictive Modelling Fundamentals I course where students can take this course many times as they wish and is totally free. After the students completed the course, they will be to print their online certificate of achievement. 

Labs are available for download only for Free trial of IBM SPSS Modeler."
Predicting Customer Satisfaction,course-v1:BigDataUniversity+PA0103EN+2016,20/02/2021 11:03:18,"This free Big Data course presents a holistic approach to Big Data, and answers fundamental questions about what Big Data is and why it matters."
Hybrid Cloud Conference – Serverless Lab,course-v1:IBMDeveloperSkillsNetwork+HCC104EN+2020T3,19/02/2021 06:44:54,
Hybrid Cloud Conference – Microservices Lab,course-v1:IBMDeveloperSkillsNetwork+HCC102EN+2020T3,19/02/2021 06:44:54,
Hybrid Cloud Conference – App Security and Threat Modeler Lab,course-v1:IBMDeveloperSkillsNetwork+HCC101EN+2020T3,19/02/2021 06:44:54,
Hybrid Cloud Conference – Service Mesh Lab,course-v1:IBMDeveloperSkillsNetwork+HCC103EN+2020T3,19/02/2021 06:44:54,
Python 101,course-v1:BigDataUniversity+PY0101EN+2016,19/02/2021 07:00:18,"A beginner-friendly course for programming in Python. Practice through the labs exercises, and you'll be ready to create your first Python scripts on your own!"
IBM Cloud Essentials - V3,course-v1:IBMDeveloperSkillsNetwork+CC0103EN+2020T4,1/4/2021 22:37,
Getting Started with the Data: Apache Spark Makers Build,course-v1:BigDataUniversity+TMP0105EN+2016,19/02/2021 18:02:56,"Apache Spark is an open source processing engine built around speed, ease of use, and analytics. If you have large amounts of data that requires low latency processing that a typical Map Reduce program cannot provide, Spark is the alternative. Spark performs at speeds up to 100 times faster than Map Reduce for iterative algorithms or interactive data mining. Spark provides in-memory cluster computing for lightning fast speed and supports Java, Scala, and Python APIs for ease of development.

Spark combines SQL, streaming and complex analytics together seamlessly in the same application to handle a wide range of data processing scenarios. Spark runs on top of Hadoop, Mesos, standalone, or in the cloud. It can access diverse data sources such as HDFS, Cassandra, HBase, or S3."
Predicting Financial Performance of a Company,course-v1:BigDataUniversity+PA0107EN+2016,24/02/2021 05:56:17,"This free Big Data course presents a holistic approach to Big Data, and answers fundamental questions about what Big Data is and why it matters."
DB2 Fundamentals I,course-v1:BigDataUniversity+DB0113EN+2016,20/02/2021 11:52:51,"This course is free.
It is a self-paced course.
It can be taken at any time.
It can be taken as many times as you wish.
It can be taken using either a Windows or Linux system, though the examples provided are using Windows.
Students passing the course (by passing the final exam) will have immediate access to printing their online certificate of achievement. Your name in the certificate will appear exactly as entered in your profile in BigDataUniversity.com
If you did not pass the course, you can take it again at any time.
"
R 101,course-v1:BigDataUniversity+RP0101EN+2016,19/02/2021 06:43:19,"Are you ready to dive head-first into R? In just a few hours you'll learn how to write your own R code, learn about R's data structures and create your own functions. You’ll even be able to import data and do some operations. Try our hands-on exercises as we guide your first steps into your data science journey with R."
Using Clustering Methods for Investment Portfolio Analysis,course-v1:BigDataUniversity+PA0109EN+2016,24/02/2021 05:54:40,"This free Big Data course presents a holistic approach to Big Data, and answers fundamental questions about what Big Data is and why it matters."
Accelerating Deep Learning with GPU,course-v1:CognitiveClass+ML0122ENv1+2018w51,19/02/2021 07:00:15,"Majority of data in the world are unlabeled and unstructured data, for instance images, sound, and text data. Shallow neural networks cannot easily capture relevant structure in these kind of data, but deep networks are capable of discovering hidden structures within these data. In this course, you will use TensorFlow library to apply deep learning on different data types to solve real world problems."
PHP web application on a LAMP Stack,course-v1:IBMDeveloperSkillsNetwork+PHPM002EN+v1,19/02/2021 07:00:17,"This tutorial walks you through the creation of an Ubuntu Linux virtual server with Apache web server, MySQL database and PHP scripting. "
Scala 101,course-v1:BigDataUniversity+SC0101EN+2016,19/02/2021 06:40:55,"The Typesafe Scala 101 for Data Science Curricula is designed to give experienced Data Developers and Data Science the know­how to confidently start programming in Scala for data science tasks. The course ensures they will have a solid understanding of the fundamentals of the language, the tooling and the development process as well as a good appreciation of the more advanced features. If students already have Scala programming experience, then this course could be a useful refresher, yet no previous knowledge of Scala is assumed."
Data Science with Scala,course-v1:IBMDeveloperSkillsNetwork+SC0101EN+v1,22/02/2021 14:13:52,"Apache Spark™ is a fast and general engine for large-scale data processing, with built-in modules for streaming, SQL, machine learning and graph processing. This course shows how to use Spark’s machine learning pipelines to fit models and search for optimal hyperparameters using a Spark cluster."
Using R with Databases,course-v1:CognitiveClass+RP0103EN+v2,9/3/2021 16:09,"The intent of this course is to teach you how to unlock the power and magic of R to analyze data in relational databases. It will show you how to connect to relational databases, access and query the database, update and modify the data, analyze it and perform simple visualizations."
Analyzing Big Data in R using Apache Spark,course-v1:BigDataUniversity+RP0105EN+2016,19/02/2021 06:44:55,"Apache Spark is a popular cluster computing framework used for performing large scale data analysis. SparkR provides a distributed data frame API that enables structured data processing with a syntax familiar to R users.
"
Using R with Databases,course-v1:BigDataUniversity+RP0103+2017,19/02/2021 07:00:15,"The intent of this course is to teach you how to unlock the power and magic of R to analyze data in relational databases. It will show you how to connect to relational databases, access and query the database, update and modify the data, analyze it and perform simple visualizations."
Accelerating Deep Learning with GPU,course-v1:CognitiveClass+ML0122ENv1+2018w37,19/02/2021 07:00:15,"Majority of data in the world are unlabeled and unstructured data, for instance images, sound, and text data. Shallow neural networks cannot easily capture relevant structure in these kind of data, but deep networks are capable of discovering hidden structures within these data. In this course, you will use TensorFlow library to apply deep learning on different data types to solve real world problems."
Using R with Databases,course-v1:BigDataUniversity+RP0103EN+2016,20/02/2021 12:17:55,Using R with Databases teaches you how to access and perform Data Analysis using R when your data is stored in a relational database mangement system (RDBMS). In the course we will focus on using RODBC as our interface and we will use DB2 Express-C and BLU Acceleration for Cloud as our database server environment.
Data Science with Scala,course-v1:Lightbend+SC0105EN+v1,19/02/2021 06:44:56,"Apache Spark™ is a fast and general engine for large-scale data processing, with built-in modules for streaming, SQL, machine learning and graph processing. This course shows how to use Spark’s machine learning pipelines to fit models and search for optimal hyperparameters using a Spark cluster."
Apply end to end security to a cloud application,course-v1:IBMDeveloperSkillsNetwork+SECM03EN+v1,19/02/2021 07:00:16,This mini course walks you through key security services available in the IBM Cloud™ catalog and how to use them together. An application that provides file sharing will put security concepts into practice.
Spark Overview for Scala Analytics,course-v1:BigDataUniversity+SC0103EN+2016,19/02/2021 06:44:58,"The “Spark Overview for Scala Analytics” course will cover the history of Spark and how it came to be, how to build applications with Spark, establish an understanding of RDDs and DataFrames, and other advanced Spark topics. Apache Spark™ is a fast and general engine for large-scale data processing, with built-in modules for streaming, SQL, machine learning and graph processing. Having finished this class, a student would be prepared to leverage the core RDD and DataFrame APIs to perform analytics on datasets.
This course is meant to be an overview of Spark and its associated ecosystem.  For deeper understanding of Spark, we recommend that students take the Spark Fundamentals courses I and II."
Accelerating Deep Learning with GPU,course-v1:CognitiveClass+ML0122ENv1+12W2018,19/02/2021 07:00:15,"Majority of data in the world are unlabeled and unstructured data, for instance images, sound, and text data. Shallow neural networks cannot easily capture relevant structure in these kind of data, but deep networks are capable of discovering hidden structures within these data. In this course, you will use TensorFlow library to apply deep learning on different data types to solve real world problems."
Statistics 101,course-v1:BigDataUniversity+ST0101EN+2017,19/02/2021 06:42:37,"Take this course and you won't fail statistics. Welcome to the Statistics 101 course, taught by Murtaza Haider, Assistant Professor at Ryerson University. Statistics is one of the most challenging topics to learn, but Murtaza brings a gentle introduction to statistics in practice. Learn about descriptive statistics, variance, probability, correlation, and data visualization. This course ends with a fully-guided statistics exercise exploring the “hot” topic of: do good looking professors get better teaching evaluations? A free trial of SPSS Statistics is included in this course.    "
Stream Computing I,course-v1:BigDataUniversity+ST0101EN+2016,24/02/2021 05:54:29,Stream Computing I teaches you the basics of Stream Computing using IBM InfoSphere Streams. This is the first in a series of two courses.
R 101,course-v1:BigDataUniversity+RP0151EN+2016,20/02/2021 14:16:32,"In this introduction to R, you will master the basics of this beautiful open source language, including factors, lists and data frames. With the knowledge gained in this course, you will be ready to undertake your first very own data analysis. With over 2 million users worldwide R is rapidly becoming the leading programming language in statistics and data science. Every year, the number of R users grows by 40% and an increasing number of organizations are using it in their day-to-day activities. Leverage the power of R by completing this free R online course today!"
Text Analytics 101,course-v1:BigDataUniversity+TA0105+2016,19/02/2021 07:00:15,"This short description is not used. The description is taken from Word Press front-end.
Same with the course image below.  We provide one below, but it is not used."
Henrique's Test (Staff only),course-v1:MyUniversity+TC0101+2017_T1,22/02/2021 22:52:54,
How to Build Watson AI and Swift APIs and Make Money,course-v1:CognitiveClass+SW0201EN+v1,19/02/2021 06:47:22,"Expose your cool Swift microservices to the world and build a platform to monetize those APIs. By using server-side Swift and your mobile apps, you'll also learn to be a better full-stack developer. "
TMP_Data Science Bootcamp,course-v1:BigDataUniversity+TMP0106+2016,19/02/2021 20:25:24,"A Multi-Day Intensive, In-Person Data Science Bootcamp offered by Big Data University"
Text Analytics at scale,course-v1:IBMDeveloperSkillsNetwork+TA0106EN+v2,19/02/2021 22:29:40,"From social media to news articles to machine logs, text data is everywhere. Are you interested in learning how to derive valuable insights from text data? Enroll today and learn about the hot topic of text analytics from experts at IBM."
Statistics 201,course-v1:BigDataUniversity+ST0201EN+2017,21/02/2021 02:52:50,"This short description is not used. The description is taken from Word Press front-end.
Same with the course image below.  We provide one below, but it is not used."
Data Science with Scala,course-v1:BigDataUniversity+SC0105EN+2016,19/02/2021 07:00:16,"Apache Spark™ is a fast and general engine for large-scale data processing, with built-in modules for streaming, SQL, machine learning and graph processing. This course shows how to use Spark’s machine learning pipelines to fit models and search for optimal hyperparameters using a Spark cluster."
Statistics 301,course-v1:BigDataUniversity+ST0301EN+2017,21/02/2021 02:50:49,"This short description is not used. The description is taken from Word Press front-end.
Same with the course image below.  We provide one below, but it is not used."
Build Swift Mobile Apps with Watson AI Services,course-v1:IBMDeveloperSkillsNetwork+SW0101EN+v1,19/02/2021 06:49:37,"Build three AI iOS apps in the cloud by using Watson services so that you can analyze the emotion and sentiment in text, recognize what's in a photo, and convert text to speech."
Text Analysis,course-v1:BigDataUniversity+TMP0101EN+2016,22/02/2021 22:52:42,"This free Big Data course presents a holistic approach to Big Data, and answers fundamental questions about what Big Data is and why it matters."
Text Analytics 101,course-v1:IBMDeveloperSkillsNetwork+TA0105EN+v2,19/02/2021 06:40:18,"From social media to news articles to machine logs, text data is everywhere. Are you interested in learning how to derive valuable insights from text data? Enroll today and learn about the hot topic of text analytics from experts at IBM."
Translating a Cognitive Class course to another language,course-v1:IBMSkillsNetwork+TR0101EN+2019_T2,19/02/2021 19:30:41,"This short description is not used. The description is taken from Word Press front-end.
Same with the course image below.  We provide one below, but it is not used."
Cohort Test Course,course-v1:BigDataUniversity+TST0101+2016,23/02/2021 11:20:55,"This free Big Data course presents a holistic approach to Big Data, and answers fundamental questions about what Big Data is and why it matters."
Solr 101 (TEST for Archiving - restricted use),course-v1:BigDataUniversity+TMP2001EN+2016,20/02/2021 21:14:51,"This free Big Data course presents a holistic approach to Big Data, and answers fundamental questions about what Big Data is and why it matters."
Watson Analytics 101,course-v1:CognitiveClass+WA0101EN+v3,19/02/2021 07:33:46,Welcome to Watson Analytics 101!
Machine learning with Apache SystemML,course-v1:BigDataUniversity+ML0111EN+2016,19/02/2021 07:00:16,"Apache SystemML is a declarative style language designed for large-scale machine learning. It provides automatic generation of optimized runtime plans ranging from single-node, to in-memory, to distributed computations on Apache Hadoop and Apache Spark. SystemML algorithms are expressed in R-like or Python-like syntax that includes linear algebra primitives, statistical functions and ML-specific constructs. "
Watson Analytics 101,course-v1:BigDataUniversity+WA0101EN+2016,19/02/2021 07:00:17,Welcome to Watson Analytics 101!
Watson Analytics 101,course-v1:CognitiveClass+WA0101EN+V2,19/02/2021 07:00:18,Welcome to Watson Analytics 101!
Solr 101,course-v1:BigDataUniversity+BD0137EN+2016,19/02/2021 10:40:50,"Solr (pronounced ""solar"") is an open source enterprise search platform, written in Java, from the Apache Lucene project. Its major features include full-text search, hit highlighting, faceted search, real-time indexing, dynamic clustering, database integration, NoSQL features and rich document (e.g., Word, PDF) handling. Providing distributed search and index replication, Solr is highly scalable and fault tolerant. Solr is the most popular enterprise search engine.

Solr is written in Java and runs as a standalone full-text search server. Solr uses the Lucene Java search library at its core for full-text indexing and search, and has REST-like HTTP/XML and JSON APIs that make it usable from most popular programming languages. Solr's powerful external configuration allows it to be tailored to many types of application without Java coding, and it has a plugin architecture to support more advanced customization.  This course teaches you the basics of how to use Solr."
Solr 101 (TEST course - using same course code),course-v1:BigDataUniversity+TMP2001EN+2016_T2,22/02/2021 14:14:02,
Accelerating Deep Learning with GPU,course-v1:CognitiveClass+ML0122ENv1+13W2018,19/02/2021 15:16:06,"Majority of data in the world are unlabeled and unstructured data, for instance images, sound, and text data. Shallow neural networks cannot easily capture relevant structure in these kind of data, but deep networks are capable of discovering hidden structures within these data. In this course, you will use TensorFlow library to apply deep learning on different data types to solve real world problems."
Accelerating Deep Learning with GPU,course-v1:CognitiveClass+ML0122ENv1+2018w35,19/02/2021 07:00:17,"Majority of data in the world are unlabeled and unstructured data, for instance images, sound, and text data. Shallow neural networks cannot easily capture relevant structure in these kind of data, but deep networks are capable of discovering hidden structures within these data. In this course, you will use TensorFlow library to apply deep learning on different data types to solve real world problems."
Accessing Hadoop Data Using Hive,course-v1:BigDataUniversity+BD0141EN+2016,19/02/2021 06:41:46,Hive is a data warehousing tool built on top of Hadoop. Learn how to easily query and analyze your Big Data projects with this free Apache Hive course.
Beyond the Basics: Istio and IBM Cloud Kubernetes Service,course-v1:CognitiveClass+CO0401EN+v1,19/02/2021 06:44:57,"Start managing your microservices with Istio on IBM Cloud Kubernetes Service. This course shows you how to better  control traffic to services, observe service health, and secure the service mesh."
Accelerating Deep Learning with GPU,course-v1:CognitiveClass+ML0122ENv1+16W2018,19/02/2021 07:00:18,"Majority of data in the world are unlabeled and unstructured data, for instance images, sound, and text data. Shallow neural networks cannot easily capture relevant structure in these kind of data, but deep networks are capable of discovering hidden structures within these data. In this course, you will use TensorFlow library to apply deep learning on different data types to solve real world problems."
Machine Learning - Dimensionality Reduction,course-v1:BigDataUniversity+ML0109EN+2016,19/02/2021 12:58:17,"Welcome to this machine learning course on Dimensionality Reduction. Dimensionality Reduction is a category of unsupervised machine learning techniques used to reduce the number of features in a dataset. Dimension reduction can also be used to group similar variables together.

In this course, you will learn the theory behind dimension reduction, and get some hands-on practice using Principal Components Analysis (PCA) and Exploratory Factor Analysis (EFA) on survey data.

The code used in this course is prepared for you in R.
"
Machine Learning with Python,course-v1:BigDataUniversity+ML0101EN+2016_T2,19/02/2021 22:23:05,"Are the phrases ‘it is certain’, ‘yes you may rely on it’, ‘reply hazy try again’ common in your predictions? Make room on your shelf for your magic eight ball and take this opportunity to see how Machine Learning can be a beneficial tool for predicting future trends. All with a bit more than oil and blue die. All signs point to yes as an indicator you will benefit from this experience."
Text Analytics 101,course-v1:BigDataUniversity+BD0151EN+2016,20/02/2021 04:17:51,"The analysis of emails, blogs, tweets, forums and other forms of unstructured text data constitutes what we call text analytics.  Text analytics is applicable to most industries; for example, if your company is suspicious about company secrets being leaked to competitors by employees, text analytics can help analyze millions of employees’ emails.  If you would like to find common pain points your customers face when using your products, you can analyze their comments and questions in forums. If you would like to measure positive or negative perceptions of a company, brand, or product, you can perform sentiment analysis using text analytics. This course teaches you the basics of text analytics."
Text Analytics at Scale,course-v1:BigDataUniversity+TA0106EN+2016,19/02/2021 07:00:18,"A continuation of Text Analytics-Getting Results with SystemT, this course shows how early Information Extraction systems based on a standard formalism of cascading grammars suffer from fundamental limitations in both expressivity and runtime performance. The class explains in detail how these limitations are addressed via the declarative principles in the SystemT Information Extraction system, resulting in extractors that are scalable, accurate and easy to maintain and enhance for a new domain."
TMP-Data Science Bootcamp with Python,course-v1:BigDataUniversity+TMP107+2017,25/02/2021 13:18:19,"This short description is not used. The description is taken from Word Press front-end.
Same with the course image below.  We provide one below, but it is not used."
Container & Kubernetes Essentials with IBM Cloud,course-v1:CognitiveClass+CO0201EN+v1,19/02/2021 06:44:59,Get hands-on experience with Kubernetes container orchestration. Learn how Kubernetes and IBM Cloud Kubernetes Service help you more easily deploy and scale containers and applications.
Predictive Modeling Fundamentals I,course-v1:BDU+PA0101EN+v1,26/02/2021 21:38:35,"The Predictive Modelling Fundamentals I course where students can take this course many times as they wish and is totally free. After the students completed the course, they will be to print their online certificate of achievement. 

Labs are available for download only for Free trial of IBM SPSS Modeler."
Digital Analytics & Regression,course-v1:FiresideAnalyticsInc+ML0103EN+v1,4/3/2021 21:10,"This course uses a case study approach to take you through the end to end process of identifying a business objective, designing the model to address it, sourcing the data and ultimately arriving at the insights. When you complete this course, you can apply these methods and principles in a variety of contexts, with big, medium or small data."
How to Build Chatbots and Make Money,course-v1:IBMDeveloperSkillsNetwork+CB0103EN+v2,19/02/2021 07:00:17,Learn how to build chatbots without having to write any code by leveraging Watson Assistant. Then deploy your chatbot to a real site in less than five minutes.
Watson Analytics for Social Media,course-v1:BigDataUniversity+WA0103EN+2016,19/02/2021 20:23:40,Watson Analytics for Social Media Fundamentals teaches you the basics of Watson Analytics for Social Media on the cloud.  In this course you will learn how to setup a project to analyze social data within Watson Analytics.  You will learn how smart Topic Suggestions service enables you to refine and improve your project.  You will learn about how about the base line reports with Watson Analytics for Social Media as well as how you can further use the dataset in Watson Analytics Explore and Assemble.  
Machine Learning - Dimensionality Reduction,course-v1:BDU+ML0109EN+v1,19/02/2021 07:00:16,"Welcome to this machine learning course on Dimensionality Reduction. Dimensionality Reduction is a category of unsupervised machine learning techniques used to reduce the number of features in a dataset. Dimension reduction can also be used to group similar variables together.

In this course, you will learn the theory behind dimension reduction, and get some hands-on practice using Principal Components Analysis (PCA) and Exploratory Factor Analysis (EFA) on survey data.

The code used in this course is prepared for you in R.
"
Deep Learning with TensorFlow,course-v1:IBMDeveloperSkillsNetwork+ML0120ENv3+v2,19/02/2021 06:48:13,"Majority of data in the world are unlabeled and unstructured data, for instance images, sound, and text data. Shallow neural networks cannot easily capture relevant structure in these kind of data, but deep networks are capable of discovering hidden structures within these data. In this course, you will use TensorFlow library to apply deep learning on different data types to solve real world problems."
Controlling Hadoop Jobs using Oozie,course-v1:BDU+BD0133EN+v1,19/02/2021 07:00:17,"This Apache Oozie course teaches you how to control Hadoop jobs on your Big Data projects. Even better, the materials and software provided are all free."
Big Data 101,course-v1:BigDataUniversity+BD0101EN+2016_T2,12/3/2021 18:31,How big is big and why does big matter and what does Apache Hadoop have to do with it? In this course you will see the Big Data big picture and you will learn the terminology used in Big Data discussions.
Build an IoT Blockchain Network for a Supply Chain,course-v1:IBMDeveloperSkillsNetwork+BC0202EN+v1,19/02/2021 06:40:56,"Learn how to use a an IoT Asset Tracking device, build a blockchain network, and configure a Node-RED dashboard to monitor a perishable network supply chain. You can also use a simulated tracker if you don't want to purchase and set up the hardware."
Blockchain Essentials,course-v1:developerWorks+BC0101EN+v1,19/02/2021 06:41:46,Understand blockchain technology and how it can solve business problems. Learn the basics of developing applications with chaincode.
Game-playing AI with Swift for TensorFlow (S4TF),course-v1:IBMDeveloperSkillsNetwork+AI0111EN+2020_T1,19/02/2021 06:47:58,"In this course, you're going to learn how to accelerate machine learning model development with Google's new Swift for TensorFlow framework, by building AI agents to play games like Tic Tac Toe, Cartpole, and 2048."
IBM Blockchain Foundation Developer,course-v1:IBMDeveloperSkillsNetwork+BC0201EN+v1,19/02/2021 07:00:16,"Dive deeper into blockchain business networks and their components: ledgers, consensus, smart contracts, and more. Learn how to build your first blockchain application and get more experience with Hyperledger Composer and chaincode to build networks. "
Apache Pig 101,course-v1:BigDataUniversity+BD0121EN+2016,19/02/2021 07:00:17,"Pig was initially developed at Yahoo! to allow people using Hadoop® to focus more on analyzing large data sets and spend less time having to write mapper and reducer programs. Like actual pigs, who eat almost anything, the Pig programming language is designed to handle any kind of data—hence the name!"
Big Data 101,course-v1:BigDataUniversity+BD0101EN+2016,19/02/2021 09:21:24,"This free Big Data course presents a holistic approach to Big Data, and answers fundamental questions about what Big Data is and why it matters."
Spark MLlIB,course-v1:BigDataUniversity+BD0221EN+2016,19/02/2021 06:44:55,"Spark provides a machine learning library known as MLlib. MLlib provides various machine learning algorithms such as classification, regression, clustering, and collaborative filtering. It also provides tools such as featurization, pipelines, persistence, and utilities for handing linear algebra operations, statistics and data handling."
Hadoop 101,course-v1:BigDataUniversity+BD0111EN+2016,19/02/2021 06:41:46,"Like Hobbes is to Calvin, Hadoop is to Big Data. Come on this journey to play with large data sets and see Hadoop’s method of distributed processing and see what you can get up to."
Developing Distributed Applications Using ZooKeeper,course-v1:BigDataUniversity+BD0135EN+2016,19/02/2021 07:00:16,"In this course, you will explore the ZooKeeper framework in tandem with IBM BigInsights modules and Java to learn how to develop and manage distributed applications in the domain of Big Data. Real-world examples will be used to contextualize and motivate further study."
Controlling Hadoop Jobs using Oozie,course-v1:BigDataUniversity+BD0133EN+2016,19/02/2021 10:38:10,"This Apache Oozie course teaches you how to control Hadoop jobs on your Big Data projects. Even better, the materials and software provided are all free."
Developing Distributed Applications Using ZooKeeper,course-v1:BigDataUniversity+BD0135EN+2017,20/02/2021 12:21:41,"This short description is not used. The description is taken from Word Press front-end.
Same with the course image below.  We provide one below, but it is not used."
OpenRefine 101,course-v1:BigDataUniversity+DP0101EN+2017,19/02/2021 22:29:16,"This short description is not used. The description is taken from Word Press front-end.
Same with the course image below.  We provide one below, but it is not used."
Moving Data into Hadoop,course-v1:BigDataUniversity+BD0131EN+2016,19/02/2021 06:41:46,"This course describes techniques for moving data into Hadoop. There are a variety of ways to get data into Hadoop from simple Hadoop shell commands to more sophisticated processes. Several techniques are presented but three, Sqoop, Flume, and Data Click are covered in greater detail."
Hadoop 101,course-v1:BigDataUniversity+BD0111EN+2017,19/02/2021 08:33:09,"This free Apache Hadoop course introduces you to Big Data concepts, and teaches you how to perform distributed processing of large data sets with Hadoop."
MapReduce and YARN,course-v1:BigDataUniversity+BD0115EN+2016,19/02/2021 06:44:58,"String together your understanding of Yet Another Resource Negotiator (YARN) by gaining exposure to MapReduce1, the tool-sets that start the processing of Big Data."
Spark Fundamentals I,course-v1:BigDataUniversity+BD0211EN+2016,19/02/2021 06:42:37,Ignite your interest in Spark with an introduction to the core concepts that make this general processor an essential tool set for working with Big Data.
Using HBase for Real-time Access to your Big Data,course-v1:BigDataUniversity+BD0143EN+2016,19/02/2021 06:44:55,"This course introduces you to HBase, the open source Hadoop database used for random, real-time read/writes to your Big Data. The course will cover fundamental concepts of HBase such as HBase system and architecture, the use of the Client API to perform data operations on HBase, the various HBase client used to communicate with HBase, how to integrate HBase with a MapReduce job, and more!"
Spark Fundamentals II,course-v1:BigDataUniversity+BD0212EN+2016,19/02/2021 06:44:56,"Building on your foundational knowledge of Spark, take this opportunity to move your skills to the next level. With a focus on Spark Resilient Distributed Data Set operations this course exposes you to concepts that are critical to your success in this field."
Analyzing Big Data with a spreadsheet UI,course-v1:BigDataUniversity+BD0153EN+2016,19/02/2021 10:00:42,This course is designed to introduce the student to the capabilities of BigSheets. BigSheets is a component of IBM BigInsights. It provides the analyst the ability to be able to visualize and analyze data stored HDFS using a spreadsheet type interface without any programming.
OpenRefine 101,course-v1:BigDataUniversity+DP0101EN+2016,19/02/2021 13:57:47,"This introduction course is for a less technical user, business analyst or consultant interested to learn data science.


"
Solr 101,course-v1:BigDataU+BD0137EN+2017,19/02/2021 22:38:24,"This short description is not used. The description is taken from Word Press front-end.
Same with the course image below.  We provide one below, but it is not used."
How to Build Chatbots,course-v1:IBMDeveloperSkillsNetwork+CB0103EN+2019v2,19/02/2021 06:44:58,Learn how to build chatbots without having to write any code by leveraging IBM Watson Assistant. Then deploy your chatbot to a real web site in less than five minutes.
Exploring Spark's GraphX,course-v1:BigDataUniversity+BD0223EN+2016,19/02/2021 06:44:55,Spark provides a graph-parallel computation library in GraphX. Graph-parallel is a paradigm that allows representation of your data as vertices and edges. Spark's GraphX provides a set of fundamental operators in addition to a growing collection of algorithms and builders to simplify graph analytics tasks.
Build Your Own Chatbot,course-v1:CognitiveClass+CB0103EN+v1,19/02/2021 06:42:38,Learn how to build chatbots without having to write any code by leveraging Watson Assistant. Then deploy your chatbot to a real site in less than five minutes.
Build Chatbots with Watson Assistant,course-v1:IBMDeveloperSkillsNetwork+CB0201EN+v1,19/02/2021 07:00:18,"In this course, you'll explore the Watson Conversation service in depth. You'll watch videos that explain conversational concepts and apply them to build a chatbot. You will complete seven hands-on labs, culminating in the creation of your own fully functional chatbot."
Node-RED: basics to bots,course-v1:SkillsNetwork+CB0105ENv1+2018,19/02/2021 07:00:16,"Create cognitive web apps with Node-RED to translate text, analyze tone, and send tweets. Build a chatbot with Watson Assistant (formerly Conversation) and Facebook Messenger."
Docker Essentials: A Developer Introduction,course-v1:IBMDeveloperSkillsNetwork+CO0101EN+v1,19/02/2021 06:41:59,"Learn how to use containers for your applications. Create and run your first Docker container. Then, learn how to run containers in production and solve problems of orchestration such as high availability, service discovery, and reconciliation."
Digital Developer Conference - Cloud Native Track,course-v1:IBMDeveloper+CN001+2019__v1,19/02/2021 08:32:29,
Introduction to Cloud,course-v1:IBMDeveloperSkillsNetwork+CC0101EN+2020T1,19/02/2021 06:42:16,This course introduces you to the core concepts of cloud computing. You will gain the foundational knowledge required for understanding cloud computing from both business and practitioner perspectives.
IBM Cloud Essentials,course-v1:IBMDeveloperSkillsNetwork+CL0101EN+v1,19/02/2021 06:45:00,"The IBM Cloud name has been changed to IBM Cloud. Get hands-on experience with IBM Cloud, Cloud Foundry, and best practices for agile and test-driven development."
Getting started with Microservices with Istio and IBM Cloud Kubernetes Service,course-v1:CognitiveClass+CO0301EN+v1,19/02/2021 06:44:56,Discover how microservices and Istio pair together for cloud-native apps. Learn how Istio and IBM Cloud Kubernetes Service help you securely and seamlessly deploy containers and apps.
Data Analysis with Python,course-v1:CognitiveClass+DA0101EN+2017,19/02/2021 06:41:13,"earn how to analyze data using Python. This course will take you from the basics of Python to exploring many different types of data. You will learn how to prepare data for analysis, perform simple statistical analyses, create meaningful data visualizations, predict future trends from data, and more!"
SQL and Relational Databases 101,course-v1:BigDataUniversity+DB0101EN+2017,19/02/2021 06:40:39,"Are you ready to dive into the world of SQL and relational databases? In just a few hours, you'll be able to discuss SQL basics and explain various aspects of the relational database model. Try our hands-on exercises as we guide your first steps into SQL and relational databases."
Data Analysis Demos,course-v1:BigDataUniversity+DA0201EN+2016,23/02/2021 02:49:44,This course is about providing demonstrations and showing results with the goal of inspiring you to take more technical and in-depth courses
"Data Journalism: First Steps, Skills and Tools",course-v1:Learno.net+DJ0101EN+2016,19/02/2021 07:00:16,"This free Data Journalism course presents a holistic approach to Data Journalism, and answers fundamental questions about Data Journalism."
Mathematical Optimization for Business Problems,course-v1:BigDataU+CP0101EN+2017,19/02/2021 08:34:11,"This short description is not used. The description is taken from Word Press front-end.
Same with the course image below.  We provide one below, but it is not used."
DB2 Academic Training,course-v1:BigDataUniversity+DB0111EN+2016,23/02/2021 14:24:34,
DB2 Fundamentals II,course-v1:BigDataUniversity+DB0115EN+2016,20/02/2021 21:15:27,
Scalable web applications on Kubernetes,course-v1:IBMDeveloperSkillsNetwork+COM001EN+v1,19/02/2021 07:00:15,"This mini course walks you through how to scaffold a web application, run it locally in a container, and then deploy it to a Kubernetes cluster created with Kubernetes Service. Additionally, you will learn how to bind a custom domain, monitor the health of the environment, and scale the application."
Data Analysis using R 101,course-v1:BigDataUniversity+DA0151EN+2016,21/02/2021 09:50:58,Data Analysis using R 101 teaches you how to perform data analysis using the R language. R is a powerful open source language that is ideal for analyzing both structured and unstructured data. In this course we will focus on performing analysis of unstructured data files.
NoSQL and DBaaS 101,course-v1:BigDataUniversity+DB0151EN+2016,19/02/2021 06:44:58,"In this NoSQL course, we will provide an overview of the NoSQL database landscape, the benefits of using a Database-as-a-Service offering, and where Cloudant fits into the picture. Additionally, we’ll get you started with using Cloudant by providing tutorials on account sign up, creating and replicating databases, loading and querying data, and conclude by pointing you to additional resources to continue on your education."
Python for Data Science,course-v1:Cognitiveclass+PY0101EN+v2,1/4/2021 22:34,This beginner-friendly Python course will take you from zero to programming in Python in a matter of hours. You'll be able to write your own Python scripts and perform basic hands-on data analysis using our Jupyter-based lab environment.
Data Science Methodology - Version 1,course-v1:BigDataUniversity+DS0103EN+2016,19/02/2021 21:08:49,"In this free course, you'll learn how data science is practiced from start to end. This course is a must-know for aspiring data scientists as it provides the strategic framework to all data science problems."
Data Science Methodology,course-v1:CognitiveClass+DS0103EN+v3,19/02/2021 06:40:33,"Grab you lab coat, beakers, and pocket calculator…wait what? wrong path! Fast forward and get in line with emerging data science methodologies that are in use and are making waves or rather predicting and determining which wave is coming and which one has just passed."
Data Science Hands-On with Open Source Tools,course-v1:CognitiveClass+DS0105EN+v2,19/02/2021 06:42:37,"What tools do data scientists use? In this course, you'll learn how to use the most popular data science tools, including Jupyter Notebooks, RStudio IDE, Apache Zeppelin, and more!"
Data Science Tools,course-v1:IBMDeveloperSkillsNetwork+DS0105EN+v2,19/02/2021 06:44:16,"Learn about the most popular data science tools, including how to use them and what their features are."
Data Science Hands-On with Open Source Tools,course-v1:BigDataUniversity+DS0105EN+2016,19/02/2021 08:35:43,"In data science, the opportunity to practice may seem overwhelming initially in terms of the access and configuration of tools. Here is where Data Scientist Workbench, a free cloud-based offering, comes into play. Use this tool to build out your skills!"
Data Science Career Talks,course-v1:BigDataUniversity+DS0107+2017,21/02/2021 07:46:25,"This short description is not used. The description is taken from Word Press front-end.
Same with the course image below.  We provide one below, but it is not used."
Data Science with Open Data,course-v1:FiresideAnalyticsNEB+DS0110EN+2019,19/02/2021 06:45:14,"This short description is not used. The description is taken from Word Press front-end.
Same with the course image below.  We provide one below, but it is not used."
Data Science Bootcamp with Python for University Professors,course-v1:CognitiveClass+DX0107EN+v1,21/02/2021 10:31:25,"This short description is not used. The description is taken from Word Press front-end.
Same with the course image below.  We provide one below, but it is not used."
Bitcoin 101,course-v1:BigDataUniversity+DS0321EN+2016,19/02/2021 07:00:15,Greetings and welcome to the Introduction to Bitcoin course!
Data Science Methodology,course-v1:BigDataUniversity+DS0103EN+2016_T2,19/02/2021 07:00:16,"Grab you lab coat, beakers, and pocket calculator…wait what? wrong path! Fast forward and get in line with emerging data science methodologies that are in use and are making waves or rather predicting and determining which wave is coming and which one has just passed."
Reactive Architecture: Distributed Messaging Patterns,course-v1:Lightbend+LB0109ENv1+2018,19/02/2021 06:44:57,
BDU Course Template (Internal Use Only),course-v1:BigDataUniversity+MI0102EN+2016,24/02/2021 05:54:18,"This short description is not used. The description is taken from Word Press front-end.
Same with the course image below.  We provide one below, but it is not used."
All you need to know about Big Data University (Internal Use Only),course-v1:BigDataUniversity+MI0105EN+2016,19/02/2021 18:10:23,"This free Big Data course presents a holistic approach to Big Data, and answers fundamental questions about what Big Data is and why it matters."
Introduction to Machine Learning with Sound,course-v1:IBMDeveloperSkillsNetwork+DW0101EN+v1,19/02/2021 06:44:59,"Get hands-on experience creating and training machine learning models so that you can predict what animal is making a specific sound, like a cat purring or a dog barking. Integrate those models in a simple web page that you build in Node-RED. Then, add visual recognition so that you can identify the image of an animal.  "
Machine Learning 101,course-v1:BigDataUniversity+ML0101EN+2016,19/02/2021 07:00:15,"This is a free course for the Introduction to Machine Learning. You will learn about high-level aspects of Machine Learning, which will include Python-coded Exercises with sklearn and real-life data sets."
LTI Test,course-v1:CognitiveClass+LT0101EN+Testv1,19/02/2021 21:08:50,
Data Visualization with R,course-v1:BigDataUniversity+DV0151EN+2016,19/02/2021 06:43:19,"Data visualization is the presentation of data with graphics. It's a way to summarize your findings and display it in a form that facilitates interpretation and can help in identifying patterns or trends.
In this course you will learn how to create beautiful graphics and charts, customizing the look and feel of them as you wish."
Reactive Architecture: CQRS & Event Sourcing,course-v1:Lightbend+LB0111EN+2018,19/02/2021 06:44:57,
Digital Developer Conference - Machine Learning Track,course-v1:IBMDeveloper+ML001+2019_v1,19/02/2021 08:36:45,
Creating a course in BDU (Internal Use Only),course-v1:BigDataUniversity+MI0101EN+2016,20/02/2021 08:30:28,"This free Big Data course presents a holistic approach to Big Data, and answers fundamental questions about what Big Data is and why it matters."
Reactive Architecture: Introduction to Reactive Systems,course-v1:Lightbend+LB0101ENv1+2018,25/03/2021 16:44:45,"This course teaches the core principles behind Reactive Architecture. It introduces students to why we need Reactive Systems, and what problems they are trying to solve. It also contrasts Reactive Architectures with Reactive Programming, showing how they relate, and how they are different."
Deep Learning 101,course-v1:BigDataUniversity+ML0115EN+2016,19/02/2021 07:00:16,This free course presents a holistic approach to Deep Learning and answers fundamental questions about what Deep Learning is and why it matters.
Reactive Architecture: Reactive Microservices,course-v1:Lightbend+LB0105ENv1+2018,19/02/2021 06:44:58,"When we use the term Reactive, we are usually talking about Reactive Microservices. But what is a microservice? And how can we make it Reactive? This course will explore the difference between monoliths and microservices and show the journey to making a system Reactive."
Deep Learning Fundamentals,course-v1:DeepLearning.TV+ML0115EN+v2.0,19/02/2021 06:44:57,This free course presents a holistic approach to Deep Learning and answers fundamental questions about what Deep Learning is and why it matters.
Building Cloud Native and Multicloud Applications,course-v1:IBMDeveloperSkillsNetwork+CC0250EN+2020_T3,19/02/2021 06:44:55,"This course introduces you to concepts related to migrating, modernizing, building and delivering applications in cloud-native and multicloud environments.  You will learn how to make informed decisions about application migration and enterprise modernization.  

This course is of interest to anyone and everyone who wants to learn about cloud-native and multicloud environments. It provides information to those who want to work on cloud-native development projects, on legacy modernization projects, on DevOps engineering projects or as IT/cloud administrators."
Reactive Architecture: Domain Driven Design,course-v1:Lightbend+LB0103ENv1+2018,19/02/2021 06:44:58,"This short description is not used. The description is taken from Word Press front-end.
Same with the course image below.  We provide one below, but it is not used."
High School Course Template,course-v1:BigDataUniversity+HS0101EN+2016,20/02/2021 23:38:53,"This free Big Data course presents a holistic approach to Big Data, and answers fundamental questions about what Big Data is and why it matters."
Building Robots with TJBot,course-v1:CognitiveClass+IT0101EN+v1,19/02/2021 06:47:22,"Learn how to program a simple robot (TJBot) to move its arm, recognize objects, flash a light, speak, and more. You can build simple apps to control TJBot by using Node.js or even Node-RED. If you don't want to purchase the TJBot, you use a simulator instead."
Modernizing Java EE Applications,course-v1:IBMDeveloperSkillsNetwork+EE0101EN+2020_T1,19/02/2021 06:44:56,Learn about the techniques and tools available to take existing applications and update them to run on Cloud Native computing platforms. Complete this course to level up in your understanding of modernization and migration options and earn an IBM Badge.
Reactive Architecture: Building Scalable Systems,course-v1:Lightbend+LB0107ENv1+2018,19/02/2021 06:44:57,
Machine Learning with Python,course-v1:CognitiveClass+ML0101ENv3+2018,19/02/2021 06:43:42,Machine Learning can be an incredibly beneficial tool to uncover hidden insights and predict future trends. This free Machine Learning with Python course will give you all the tools you need to get started with supervised and unsupervised learning.
Machine Learning with Python,course-v1:CognitiveClass+ML0101EN+v2,21/02/2021 10:11:13,"Are the phrases ‘it is certain’, ‘yes you may rely on it’, ‘reply hazy try again’ common in your predictions? Make room on your shelf for your magic eight ball and take this opportunity to see how Machine Learning can be a beneficial tool for predicting future trends. All with a bit more than oil and blue die. All signs point to yes as an indicator you will benefit from this experience."
Build Your Own Chatbot,course-v1:IBMDeveloperSkillsNetwork+CB0103EN+v1,19/02/2021 13:56:33,Learn how to build chatbots without having to write any code by leveraging Watson Assistant. Then deploy your chatbot to a real site in less than five minutes.
Digital Analytics & Regression,course-v1:BigDataUniversity+ML0103EN+2016,19/02/2021 06:42:37,"This course uses a case study approach to take you through the end to end process of identifying a business objective, designing the model to address it, sourcing the data and ultimately arriving at the insights. When you complete this course, you can apply these methods and principles in a variety of contexts, with big, medium or small data."
Spark Fundamentals I,course-v1:BigDataUniversity+BD0211EN+v1,19/02/2021 06:48:51,Ignite your interest in Spark with an introduction to the core concepts that make this general processor an essential tool set for working with Big Data.
Accelerating Deep Learning with GPUs,course-v1:IBMDeveloperSkillsNetwork+ML0122ENv3+v1,19/02/2021 06:48:16,"Training complex deep learning models with large datasets takes along time. In this course, you will learn how to use accelerated GPU hardware to overcome the scalability problem in deep learning."
Machine Learning with Python,course-v1:BigDataUniversity+ML0101EN+2016_T3,19/02/2021 08:30:47,"Are the phrases ‘it is certain’, ‘yes you may rely on it’, ‘reply hazy try again’ common in your predictions? Make room on your shelf for your magic eight ball and take this opportunity to see how Machine Learning can be a beneficial tool for predicting future trends. All with a bit more than oil and blue die. All signs point to yes as an indicator you will benefit from this experience."
Build Your Own Chatbots,course-v1:IBMDeveloperSkillsNetwork+CB0101EN+v1,19/02/2021 06:59:01,Learn how to build chatbots without having to write any code by leveraging Watson Assistant. Then deploy your chatbot to a real site in less than five minutes.
Machine Learning - Dimensionality Reduction,course-v1:BigDataUniversity+ML0109EN+2017,20/02/2021 21:37:32,"This short description is not used. The description is taken from Word Press front-end.
Same with the course image below.  We provide one below, but it is not used."
